metric,value
n_observations,3496.0
n_firms,1707.0
r_squared,0.1200177449457478
adj_r_squared,0.11926174644484211
